<?xml version="1.0" encoding="UTF-8"?>
<!-- IMPORTANT: This is an internal file that has been generated
     by the Xilinx ISE software.  Any direct editing or
     changes made to this file may result in unpredictable
     behavior or data corruption.  It is strongly advised that
     users do not edit the contents of this file. -->
<DeviceUsageSummary rev="76">
<DesignStatistics TimeStamp="Tue Dec 01 15:32:10 2015"><group name="NetStatistics">
<item name="NumNets_Active" rev="76">
<attrib name="value" value="357"/></item>
<item name="NumNets_Gnd" rev="76">
<attrib name="value" value="1"/></item>
<item name="NumNets_Vcc" rev="76">
<attrib name="value" value="1"/></item>
<item name="NumNodesOfType_Active_BOUNCEACROSS" rev="76">
<attrib name="value" value="7"/></item>
<item name="NumNodesOfType_Active_BOUNCEIN" rev="76">
<attrib name="value" value="70"/></item>
<item name="NumNodesOfType_Active_BUFGOUT" rev="76">
<attrib name="value" value="1"/></item>
<item name="NumNodesOfType_Active_BUFHINP2OUT" rev="76">
<attrib name="value" value="4"/></item>
<item name="NumNodesOfType_Active_CLKPIN" rev="76">
<attrib name="value" value="29"/></item>
<item name="NumNodesOfType_Active_CLKPINFEED" rev="76">
<attrib name="value" value="4"/></item>
<item name="NumNodesOfType_Active_CNTRLPIN" rev="76">
<attrib name="value" value="35"/></item>
<item name="NumNodesOfType_Active_DOUBLE" rev="76">
<attrib name="value" value="740"/></item>
<item name="NumNodesOfType_Active_GENERIC" rev="76">
<attrib name="value" value="45"/></item>
<item name="NumNodesOfType_Active_GLOBAL" rev="76">
<attrib name="value" value="25"/></item>
<item name="NumNodesOfType_Active_INPUT" rev="76">
<attrib name="value" value="26"/></item>
<item name="NumNodesOfType_Active_IOBIN2OUT" rev="76">
<attrib name="value" value="32"/></item>
<item name="NumNodesOfType_Active_IOBOUTPUT" rev="76">
<attrib name="value" value="32"/></item>
<item name="NumNodesOfType_Active_LUTINPUT" rev="76">
<attrib name="value" value="1422"/></item>
<item name="NumNodesOfType_Active_OUTBOUND" rev="76">
<attrib name="value" value="358"/></item>
<item name="NumNodesOfType_Active_OUTPUT" rev="76">
<attrib name="value" value="333"/></item>
<item name="NumNodesOfType_Active_PADINPUT" rev="76">
<attrib name="value" value="20"/></item>
<item name="NumNodesOfType_Active_PADOUTPUT" rev="76">
<attrib name="value" value="13"/></item>
<item name="NumNodesOfType_Active_PINBOUNCE" rev="76">
<attrib name="value" value="258"/></item>
<item name="NumNodesOfType_Active_PINFEED" rev="76">
<attrib name="value" value="1490"/></item>
<item name="NumNodesOfType_Active_QUAD" rev="76">
<attrib name="value" value="520"/></item>
<item name="NumNodesOfType_Active_REGINPUT" rev="76">
<attrib name="value" value="88"/></item>
<item name="NumNodesOfType_Active_SINGLE" rev="76">
<attrib name="value" value="881"/></item>
<item name="NumNodesOfType_Gnd_BOUNCEIN" rev="76">
<attrib name="value" value="11"/></item>
<item name="NumNodesOfType_Gnd_CNTRLPIN" rev="76">
<attrib name="value" value="1"/></item>
<item name="NumNodesOfType_Gnd_DOUBLE" rev="76">
<attrib name="value" value="1"/></item>
<item name="NumNodesOfType_Gnd_HGNDOUT" rev="76">
<attrib name="value" value="7"/></item>
<item name="NumNodesOfType_Gnd_INPUT" rev="76">
<attrib name="value" value="23"/></item>
<item name="NumNodesOfType_Gnd_OUTBOUND" rev="76">
<attrib name="value" value="1"/></item>
<item name="NumNodesOfType_Gnd_OUTPUT" rev="76">
<attrib name="value" value="2"/></item>
<item name="NumNodesOfType_Gnd_PINBOUNCE" rev="76">
<attrib name="value" value="16"/></item>
<item name="NumNodesOfType_Gnd_PINFEED" rev="76">
<attrib name="value" value="21"/></item>
<item name="NumNodesOfType_Gnd_REGINPUT" rev="76">
<attrib name="value" value="8"/></item>
<item name="NumNodesOfType_Vcc_CLKPIN" rev="76">
<attrib name="value" value="1"/></item>
<item name="NumNodesOfType_Vcc_CNTRLPIN" rev="76">
<attrib name="value" value="1"/></item>
<item name="NumNodesOfType_Vcc_HVCCOUT" rev="76">
<attrib name="value" value="20"/></item>
<item name="NumNodesOfType_Vcc_INPUT" rev="76">
<attrib name="value" value="1"/></item>
<item name="NumNodesOfType_Vcc_KVCCOUT" rev="76">
<attrib name="value" value="2"/></item>
<item name="NumNodesOfType_Vcc_LUTINPUT" rev="76">
<attrib name="value" value="33"/></item>
<item name="NumNodesOfType_Vcc_PINBOUNCE" rev="76">
<attrib name="value" value="2"/></item>
<item name="NumNodesOfType_Vcc_PINFEED" rev="76">
<attrib name="value" value="35"/></item>
<item name="NumNodesOfType_Vcc_REGINPUT" rev="76">
<attrib name="value" value="1"/></item>
</group>
<group name="SiteStatistics">
<item name="BUFG-BUFGMUX" rev="76">
<attrib name="value" value="1"/></item>
<item name="IOB-IOBM" rev="76">
<attrib name="value" value="15"/></item>
<item name="IOB-IOBS" rev="76">
<attrib name="value" value="19"/></item>
<item name="SLICEL-SLICEM" rev="76">
<attrib name="value" value="5"/></item>
<item name="SLICEX-SLICEL" rev="76">
<attrib name="value" value="8"/></item>
<item name="SLICEX-SLICEM" rev="76">
<attrib name="value" value="11"/></item>
</group>
<group name="MiscellaneousStatistics">
<item name="AGG_BONDED_IO" rev="75">
<attrib name="value" value="34"/></item>
<item name="AGG_IO" rev="75">
<attrib name="value" value="34"/></item>
<item name="AGG_LOCED_IO" rev="75">
<attrib name="value" value="34"/></item>
<item name="AGG_SLICE" rev="75">
<attrib name="value" value="89"/></item>
<item name="NUM_BONDED_IOB" rev="75">
<attrib name="value" value="34"/></item>
<item name="NUM_BSFULL" rev="75">
<attrib name="value" value="41"/></item>
<item name="NUM_BSLUTONLY" rev="75">
<attrib name="value" value="233"/></item>
<item name="NUM_BSREGONLY" rev="75">
<attrib name="value" value="5"/></item>
<item name="NUM_BSUSED" rev="75">
<attrib name="value" value="279"/></item>
<item name="NUM_BUFG" rev="75">
<attrib name="value" value="1"/></item>
<item name="NUM_DPRAM_O5ANDO6" rev="75">
<attrib name="value" value="8"/></item>
<item name="NUM_LOCED_IOB" rev="75">
<attrib name="value" value="34"/></item>
<item name="NUM_LOGIC_O5ANDO6" rev="75">
<attrib name="value" value="24"/></item>
<item name="NUM_LOGIC_O5ONLY" rev="75">
<attrib name="value" value="1"/></item>
<item name="NUM_LOGIC_O6ONLY" rev="75">
<attrib name="value" value="201"/></item>
<item name="NUM_LUT_RT_O6" rev="75">
<attrib name="value" value="1"/></item>
<item name="NUM_RAMB16BWER" rev="75">
<attrib name="value" value="1"/></item>
<item name="NUM_SLICEL" rev="75">
<attrib name="value" value="19"/></item>
<item name="NUM_SLICEM" rev="75">
<attrib name="value" value="12"/></item>
<item name="NUM_SLICEX" rev="75">
<attrib name="value" value="58"/></item>
<item name="NUM_SLICE_CARRY4" rev="75">
<attrib name="value" value="10"/></item>
<item name="NUM_SLICE_CONTROLSET" rev="75">
<attrib name="value" value="12"/></item>
<item name="NUM_SLICE_CYINIT" rev="75">
<attrib name="value" value="309"/></item>
<item name="NUM_SLICE_F7MUX" rev="75">
<attrib name="value" value="29"/></item>
<item name="NUM_SLICE_F8MUX" rev="75">
<attrib name="value" value="10"/></item>
<item name="NUM_SLICE_FF" rev="75">
<attrib name="value" value="45"/></item>
<item name="NUM_SLICE_LATCHLOGIC" rev="75">
<attrib name="value" value="1"/></item>
<item name="NUM_SLICE_UNUSEDCTRL" rev="75">
<attrib name="value" value="59"/></item>
<item name="NUM_SPRAM_O6ONLY" rev="75">
<attrib name="value" value="40"/></item>
<item name="NUM_UNUSABLE_FF_BELS" rev="75">
<attrib name="value" value="43"/></item>
</group>
</DesignStatistics>
<DeviceUsage TimeStamp="Tue Dec 01 15:32:10 2015"><group name="SiteSummary">
<item name="BUFG" rev="76">
<attrib name="total" value="1000000"/><attrib name="used" value="1"/></item>
<item name="BUFG_BUFG" rev="76">
<attrib name="total" value="1000000"/><attrib name="used" value="1"/></item>
<item name="CARRY4" rev="76">
<attrib name="total" value="1000000"/><attrib name="used" value="10"/></item>
<item name="HARD0" rev="76">
<attrib name="total" value="1000000"/><attrib name="used" value="1"/></item>
<item name="HARD1" rev="76">
<attrib name="total" value="1000000"/><attrib name="used" value="1"/></item>
<item name="IOB" rev="76">
<attrib name="total" value="1000000"/><attrib name="used" value="34"/></item>
<item name="IOB_IMUX" rev="76">
<attrib name="total" value="1000000"/><attrib name="used" value="14"/></item>
<item name="IOB_INBUF" rev="76">
<attrib name="total" value="1000000"/><attrib name="used" value="14"/></item>
<item name="IOB_OUTBUF" rev="76">
<attrib name="total" value="1000000"/><attrib name="used" value="20"/></item>
<item name="LUT5" rev="76">
<attrib name="total" value="1000000"/><attrib name="used" value="25"/></item>
<item name="LUT6" rev="76">
<attrib name="total" value="1000000"/><attrib name="used" value="226"/></item>
<item name="LUT_OR_MEM5" rev="76">
<attrib name="total" value="1000000"/><attrib name="used" value="8"/></item>
<item name="LUT_OR_MEM6" rev="76">
<attrib name="total" value="1000000"/><attrib name="used" value="48"/></item>
<item name="PAD" rev="76">
<attrib name="total" value="1000000"/><attrib name="used" value="34"/></item>
<item name="RAMB16BWER" rev="76">
<attrib name="total" value="1000000"/><attrib name="used" value="1"/></item>
<item name="RAMB16BWER_RAMB16BWER" rev="76">
<attrib name="total" value="1000000"/><attrib name="used" value="1"/></item>
<item name="REG_SR" rev="76">
<attrib name="total" value="1000000"/><attrib name="used" value="46"/></item>
<item name="SELMUX2_1" rev="76">
<attrib name="total" value="1000000"/><attrib name="used" value="39"/></item>
<item name="SLICEL" rev="76">
<attrib name="total" value="1000000"/><attrib name="used" value="19"/></item>
<item name="SLICEM" rev="76">
<attrib name="total" value="1000000"/><attrib name="used" value="12"/></item>
<item name="SLICEX" rev="76">
<attrib name="total" value="1000000"/><attrib name="used" value="58"/></item>
</group>
</DeviceUsage>
<ReportConfigData TimeStamp="Tue Dec 01 15:32:10 2015"><group name="REG_SR">
<item name="CK" rev="76">
<attrib name="CK" value="45"/><attrib name="CK_INV" value="1"/></item>
<item name="LATCH_OR_FF" rev="76">
<attrib name="FF" value="45"/><attrib name="AND2L" value="1"/></item>
<item name="SRINIT" rev="76">
<attrib name="SRINIT0" value="46"/></item>
<item name="SYNC_ATTR" rev="76">
<attrib name="ASYNC" value="45"/><attrib name="SYNC" value="1"/></item>
</group>
<group name="LUT_OR_MEM5">
<item name="CLK" rev="76">
<attrib name="CLK" value="8"/><attrib name="CLK_INV" value="0"/></item>
<item name="LUT_OR_MEM" rev="76">
<attrib name="RAM" value="8"/></item>
<item name="RAMMODE" rev="76">
<attrib name="DPRAM32" value="8"/></item>
</group>
<group name="LUT_OR_MEM6">
<item name="CLK" rev="76">
<attrib name="CLK" value="48"/><attrib name="CLK_INV" value="0"/></item>
<item name="LUT_OR_MEM" rev="76">
<attrib name="RAM" value="48"/></item>
<item name="RAMMODE" rev="76">
<attrib name="SPRAM64" value="40"/><attrib name="DPRAM32" value="8"/></item>
</group>
<group name="SLICEL">
<item name="CLK" rev="76">
<attrib name="CLK" value="6"/><attrib name="CLK_INV" value="1"/></item>
</group>
<group name="SLICEM">
<item name="CLK" rev="76">
<attrib name="CLK" value="12"/><attrib name="CLK_INV" value="0"/></item>
</group>
<group name="IOB_OUTBUF">
<item name="DRIVEATTRBOX" rev="76">
<attrib name="12" value="20"/></item>
<item name="SLEW" rev="76">
<attrib name="SLOW" value="20"/></item>
<item name="SUSPEND" rev="76">
<attrib name="3STATE" value="20"/></item>
</group>
<group name="SLICEX">
<item name="CLK" rev="76">
<attrib name="CLK" value="11"/><attrib name="CLK_INV" value="0"/></item>
</group>
<group name="RAMB16BWER">
<item name="CLKA" rev="76">
<attrib name="CLKA_INV" value="0"/><attrib name="CLKA" value="1"/></item>
<item name="ENA" rev="76">
<attrib name="ENA_INV" value="0"/><attrib name="ENA" value="1"/></item>
<item name="RSTA" rev="76">
<attrib name="RSTA" value="1"/><attrib name="RSTA_INV" value="0"/></item>
<item name="WEA0" rev="76">
<attrib name="WEA0" value="1"/><attrib name="WEA0_INV" value="0"/></item>
<item name="WEA1" rev="76">
<attrib name="WEA1" value="1"/><attrib name="WEA1_INV" value="0"/></item>
<item name="WEA2" rev="76">
<attrib name="WEA2" value="1"/><attrib name="WEA2_INV" value="0"/></item>
<item name="WEA3" rev="76">
<attrib name="WEA3_INV" value="0"/><attrib name="WEA3" value="1"/></item>
</group>
<group name="RAMB16BWER_RAMB16BWER">
<item name="CLKA" rev="76">
<attrib name="CLKA_INV" value="0"/><attrib name="CLKA" value="1"/></item>
<item name="DATA_WIDTH_A" rev="76">
<attrib name="18" value="1"/></item>
<item name="DATA_WIDTH_B" rev="76">
<attrib name="0" value="1"/></item>
<item name="DOA_REG" rev="76">
<attrib name="0" value="1"/></item>
<item name="DOB_REG" rev="76">
<attrib name="0" value="1"/></item>
<item name="ENA" rev="76">
<attrib name="ENA_INV" value="0"/><attrib name="ENA" value="1"/></item>
<item name="EN_RSTRAM_A" rev="76">
<attrib name="TRUE" value="1"/></item>
<item name="EN_RSTRAM_B" rev="76">
<attrib name="TRUE" value="1"/></item>
<item name="RAM_MODE" rev="76">
<attrib name="TDP" value="1"/></item>
<item name="RSTA" rev="76">
<attrib name="RSTA" value="1"/><attrib name="RSTA_INV" value="0"/></item>
<item name="RSTTYPE" rev="76">
<attrib name="SYNC" value="1"/></item>
<item name="RST_PRIORITY_A" rev="76">
<attrib name="CE" value="1"/></item>
<item name="RST_PRIORITY_B" rev="76">
<attrib name="CE" value="1"/></item>
<item name="WEA0" rev="76">
<attrib name="WEA0" value="1"/><attrib name="WEA0_INV" value="0"/></item>
<item name="WEA1" rev="76">
<attrib name="WEA1" value="1"/><attrib name="WEA1_INV" value="0"/></item>
<item name="WEA2" rev="76">
<attrib name="WEA2" value="1"/><attrib name="WEA2_INV" value="0"/></item>
<item name="WEA3" rev="76">
<attrib name="WEA3_INV" value="0"/><attrib name="WEA3" value="1"/></item>
<item name="WRITE_MODE_A" rev="76">
<attrib name="WRITE_FIRST" value="1"/></item>
<item name="WRITE_MODE_B" rev="76">
<attrib name="WRITE_FIRST" value="1"/></item>
</group>
</ReportConfigData>
<ReportPinData TimeStamp="Tue Dec 01 15:32:10 2015"><group name="REG_SR">
<item name="CE" rev="76">
<attrib name="value" value="43"/></item>
<item name="CK" rev="76">
<attrib name="value" value="46"/></item>
<item name="D" rev="76">
<attrib name="value" value="46"/></item>
<item name="Q" rev="76">
<attrib name="value" value="46"/></item>
<item name="SR" rev="76">
<attrib name="value" value="23"/></item>
</group>
<group name="LUT_OR_MEM5">
<item name="A1" rev="76">
<attrib name="value" value="8"/></item>
<item name="A2" rev="76">
<attrib name="value" value="8"/></item>
<item name="A3" rev="76">
<attrib name="value" value="8"/></item>
<item name="A4" rev="76">
<attrib name="value" value="8"/></item>
<item name="A5" rev="76">
<attrib name="value" value="8"/></item>
<item name="CLK" rev="76">
<attrib name="value" value="8"/></item>
<item name="DI1" rev="76">
<attrib name="value" value="8"/></item>
<item name="O5" rev="76">
<attrib name="value" value="8"/></item>
<item name="WA1" rev="76">
<attrib name="value" value="8"/></item>
<item name="WA2" rev="76">
<attrib name="value" value="8"/></item>
<item name="WA3" rev="76">
<attrib name="value" value="8"/></item>
<item name="WA4" rev="76">
<attrib name="value" value="8"/></item>
<item name="WA5" rev="76">
<attrib name="value" value="8"/></item>
<item name="WE" rev="76">
<attrib name="value" value="8"/></item>
</group>
<group name="LUT_OR_MEM6">
<item name="A1" rev="76">
<attrib name="value" value="48"/></item>
<item name="A2" rev="76">
<attrib name="value" value="48"/></item>
<item name="A3" rev="76">
<attrib name="value" value="48"/></item>
<item name="A4" rev="76">
<attrib name="value" value="48"/></item>
<item name="A5" rev="76">
<attrib name="value" value="48"/></item>
<item name="A6" rev="76">
<attrib name="value" value="48"/></item>
<item name="CLK" rev="76">
<attrib name="value" value="48"/></item>
<item name="DI1" rev="76">
<attrib name="value" value="40"/></item>
<item name="DI2" rev="76">
<attrib name="value" value="8"/></item>
<item name="O6" rev="76">
<attrib name="value" value="48"/></item>
<item name="WA1" rev="76">
<attrib name="value" value="48"/></item>
<item name="WA2" rev="76">
<attrib name="value" value="48"/></item>
<item name="WA3" rev="76">
<attrib name="value" value="48"/></item>
<item name="WA4" rev="76">
<attrib name="value" value="48"/></item>
<item name="WA5" rev="76">
<attrib name="value" value="48"/></item>
<item name="WA6" rev="76">
<attrib name="value" value="48"/></item>
<item name="WA7" rev="76">
<attrib name="value" value="40"/></item>
<item name="WA8" rev="76">
<attrib name="value" value="40"/></item>
<item name="WE" rev="76">
<attrib name="value" value="48"/></item>
</group>
<group name="SLICEL">
<item name="A" rev="76">
<attrib name="value" value="4"/></item>
<item name="A1" rev="76">
<attrib name="value" value="5"/></item>
<item name="A2" rev="76">
<attrib name="value" value="6"/></item>
<item name="A3" rev="76">
<attrib name="value" value="7"/></item>
<item name="A4" rev="76">
<attrib name="value" value="8"/></item>
<item name="A5" rev="76">
<attrib name="value" value="13"/></item>
<item name="A6" rev="76">
<attrib name="value" value="13"/></item>
<item name="AMUX" rev="76">
<attrib name="value" value="5"/></item>
<item name="AQ" rev="76">
<attrib name="value" value="6"/></item>
<item name="AX" rev="76">
<attrib name="value" value="9"/></item>
<item name="B" rev="76">
<attrib name="value" value="5"/></item>
<item name="B1" rev="76">
<attrib name="value" value="10"/></item>
<item name="B2" rev="76">
<attrib name="value" value="10"/></item>
<item name="B3" rev="76">
<attrib name="value" value="10"/></item>
<item name="B4" rev="76">
<attrib name="value" value="10"/></item>
<item name="B5" rev="76">
<attrib name="value" value="14"/></item>
<item name="B6" rev="76">
<attrib name="value" value="14"/></item>
<item name="BMUX" rev="76">
<attrib name="value" value="5"/></item>
<item name="BQ" rev="76">
<attrib name="value" value="5"/></item>
<item name="BX" rev="76">
<attrib name="value" value="6"/></item>
<item name="C" rev="76">
<attrib name="value" value="1"/></item>
<item name="C1" rev="76">
<attrib name="value" value="12"/></item>
<item name="C2" rev="76">
<attrib name="value" value="14"/></item>
<item name="C3" rev="76">
<attrib name="value" value="14"/></item>
<item name="C4" rev="76">
<attrib name="value" value="14"/></item>
<item name="C5" rev="76">
<attrib name="value" value="18"/></item>
<item name="C6" rev="76">
<attrib name="value" value="18"/></item>
<item name="CE" rev="76">
<attrib name="value" value="7"/></item>
<item name="CIN" rev="76">
<attrib name="value" value="6"/></item>
<item name="CLK" rev="76">
<attrib name="value" value="7"/></item>
<item name="CMUX" rev="76">
<attrib name="value" value="13"/></item>
<item name="COUT" rev="76">
<attrib name="value" value="6"/></item>
<item name="CQ" rev="76">
<attrib name="value" value="4"/></item>
<item name="CX" rev="76">
<attrib name="value" value="15"/></item>
<item name="D" rev="76">
<attrib name="value" value="1"/></item>
<item name="D1" rev="76">
<attrib name="value" value="8"/></item>
<item name="D2" rev="76">
<attrib name="value" value="10"/></item>
<item name="D3" rev="76">
<attrib name="value" value="12"/></item>
<item name="D4" rev="76">
<attrib name="value" value="12"/></item>
<item name="D5" rev="76">
<attrib name="value" value="18"/></item>
<item name="D6" rev="76">
<attrib name="value" value="18"/></item>
<item name="DMUX" rev="76">
<attrib name="value" value="4"/></item>
<item name="DQ" rev="76">
<attrib name="value" value="5"/></item>
<item name="DX" rev="76">
<attrib name="value" value="6"/></item>
<item name="SR" rev="76">
<attrib name="value" value="6"/></item>
</group>
<group name="SLICEM">
<item name="A" rev="76">
<attrib name="value" value="2"/></item>
<item name="A1" rev="76">
<attrib name="value" value="12"/></item>
<item name="A2" rev="76">
<attrib name="value" value="12"/></item>
<item name="A3" rev="76">
<attrib name="value" value="12"/></item>
<item name="A4" rev="76">
<attrib name="value" value="12"/></item>
<item name="A5" rev="76">
<attrib name="value" value="12"/></item>
<item name="A6" rev="76">
<attrib name="value" value="12"/></item>
<item name="AI" rev="76">
<attrib name="value" value="2"/></item>
<item name="AMUX" rev="76">
<attrib name="value" value="2"/></item>
<item name="AX" rev="76">
<attrib name="value" value="12"/></item>
<item name="B" rev="76">
<attrib name="value" value="2"/></item>
<item name="B1" rev="76">
<attrib name="value" value="12"/></item>
<item name="B2" rev="76">
<attrib name="value" value="12"/></item>
<item name="B3" rev="76">
<attrib name="value" value="12"/></item>
<item name="B4" rev="76">
<attrib name="value" value="12"/></item>
<item name="B5" rev="76">
<attrib name="value" value="12"/></item>
<item name="B6" rev="76">
<attrib name="value" value="12"/></item>
<item name="BI" rev="76">
<attrib name="value" value="2"/></item>
<item name="BMUX" rev="76">
<attrib name="value" value="12"/></item>
<item name="BX" rev="76">
<attrib name="value" value="10"/></item>
<item name="C" rev="76">
<attrib name="value" value="2"/></item>
<item name="C1" rev="76">
<attrib name="value" value="12"/></item>
<item name="C2" rev="76">
<attrib name="value" value="12"/></item>
<item name="C3" rev="76">
<attrib name="value" value="12"/></item>
<item name="C4" rev="76">
<attrib name="value" value="12"/></item>
<item name="C5" rev="76">
<attrib name="value" value="12"/></item>
<item name="C6" rev="76">
<attrib name="value" value="12"/></item>
<item name="CE" rev="76">
<attrib name="value" value="12"/></item>
<item name="CI" rev="76">
<attrib name="value" value="2"/></item>
<item name="CLK" rev="76">
<attrib name="value" value="12"/></item>
<item name="CMUX" rev="76">
<attrib name="value" value="2"/></item>
<item name="CX" rev="76">
<attrib name="value" value="12"/></item>
<item name="D" rev="76">
<attrib name="value" value="2"/></item>
<item name="D1" rev="76">
<attrib name="value" value="12"/></item>
<item name="D2" rev="76">
<attrib name="value" value="12"/></item>
<item name="D3" rev="76">
<attrib name="value" value="12"/></item>
<item name="D4" rev="76">
<attrib name="value" value="12"/></item>
<item name="D5" rev="76">
<attrib name="value" value="12"/></item>
<item name="D6" rev="76">
<attrib name="value" value="12"/></item>
<item name="DI" rev="76">
<attrib name="value" value="2"/></item>
<item name="DMUX" rev="76">
<attrib name="value" value="2"/></item>
<item name="DX" rev="76">
<attrib name="value" value="12"/></item>
</group>
<group name="IOB_OUTBUF">
<item name="IN" rev="76">
<attrib name="value" value="20"/></item>
<item name="OUT" rev="76">
<attrib name="value" value="20"/></item>
</group>
<group name="SLICEX">
<item name="A" rev="76">
<attrib name="value" value="41"/></item>
<item name="A1" rev="76">
<attrib name="value" value="35"/></item>
<item name="A2" rev="76">
<attrib name="value" value="39"/></item>
<item name="A3" rev="76">
<attrib name="value" value="41"/></item>
<item name="A4" rev="76">
<attrib name="value" value="42"/></item>
<item name="A5" rev="76">
<attrib name="value" value="44"/></item>
<item name="A6" rev="76">
<attrib name="value" value="44"/></item>
<item name="AMUX" rev="76">
<attrib name="value" value="1"/></item>
<item name="AQ" rev="76">
<attrib name="value" value="10"/></item>
<item name="AX" rev="76">
<attrib name="value" value="5"/></item>
<item name="B" rev="76">
<attrib name="value" value="39"/></item>
<item name="B1" rev="76">
<attrib name="value" value="30"/></item>
<item name="B2" rev="76">
<attrib name="value" value="32"/></item>
<item name="B3" rev="76">
<attrib name="value" value="37"/></item>
<item name="B4" rev="76">
<attrib name="value" value="39"/></item>
<item name="B5" rev="76">
<attrib name="value" value="39"/></item>
<item name="B6" rev="76">
<attrib name="value" value="39"/></item>
<item name="BMUX" rev="76">
<attrib name="value" value="5"/></item>
<item name="BQ" rev="76">
<attrib name="value" value="6"/></item>
<item name="BX" rev="76">
<attrib name="value" value="4"/></item>
<item name="C" rev="76">
<attrib name="value" value="41"/></item>
<item name="C1" rev="76">
<attrib name="value" value="26"/></item>
<item name="C2" rev="76">
<attrib name="value" value="35"/></item>
<item name="C3" rev="76">
<attrib name="value" value="37"/></item>
<item name="C4" rev="76">
<attrib name="value" value="40"/></item>
<item name="C5" rev="76">
<attrib name="value" value="42"/></item>
<item name="C6" rev="76">
<attrib name="value" value="42"/></item>
<item name="CE" rev="76">
<attrib name="value" value="9"/></item>
<item name="CLK" rev="76">
<attrib name="value" value="11"/></item>
<item name="CMUX" rev="76">
<attrib name="value" value="6"/></item>
<item name="CQ" rev="76">
<attrib name="value" value="7"/></item>
<item name="CX" rev="76">
<attrib name="value" value="3"/></item>
<item name="D" rev="76">
<attrib name="value" value="37"/></item>
<item name="D1" rev="76">
<attrib name="value" value="25"/></item>
<item name="D2" rev="76">
<attrib name="value" value="27"/></item>
<item name="D3" rev="76">
<attrib name="value" value="34"/></item>
<item name="D4" rev="76">
<attrib name="value" value="36"/></item>
<item name="D5" rev="76">
<attrib name="value" value="37"/></item>
<item name="D6" rev="76">
<attrib name="value" value="37"/></item>
<item name="DMUX" rev="76">
<attrib name="value" value="4"/></item>
<item name="DQ" rev="76">
<attrib name="value" value="3"/></item>
<item name="DX" rev="76">
<attrib name="value" value="3"/></item>
<item name="SR" rev="76">
<attrib name="value" value="3"/></item>
</group>
<group name="BUFG_BUFG">
<item name="I0" rev="76">
<attrib name="value" value="1"/></item>
<item name="O" rev="76">
<attrib name="value" value="1"/></item>
</group>
<group name="PAD">
<item name="PAD" rev="76">
<attrib name="value" value="34"/></item>
</group>
<group name="IOB_INBUF">
<item name="OUT" rev="76">
<attrib name="value" value="14"/></item>
<item name="PAD" rev="76">
<attrib name="value" value="14"/></item>
</group>
<group name="RAMB16BWER">
<item name="ADDRA10" rev="76">
<attrib name="value" value="1"/></item>
<item name="ADDRA11" rev="76">
<attrib name="value" value="1"/></item>
<item name="ADDRA12" rev="76">
<attrib name="value" value="1"/></item>
<item name="ADDRA13" rev="76">
<attrib name="value" value="1"/></item>
<item name="ADDRA4" rev="76">
<attrib name="value" value="1"/></item>
<item name="ADDRA5" rev="76">
<attrib name="value" value="1"/></item>
<item name="ADDRA6" rev="76">
<attrib name="value" value="1"/></item>
<item name="ADDRA7" rev="76">
<attrib name="value" value="1"/></item>
<item name="ADDRA8" rev="76">
<attrib name="value" value="1"/></item>
<item name="ADDRA9" rev="76">
<attrib name="value" value="1"/></item>
<item name="CLKA" rev="76">
<attrib name="value" value="1"/></item>
<item name="DIA0" rev="76">
<attrib name="value" value="1"/></item>
<item name="DIA1" rev="76">
<attrib name="value" value="1"/></item>
<item name="DIA10" rev="76">
<attrib name="value" value="1"/></item>
<item name="DIA11" rev="76">
<attrib name="value" value="1"/></item>
<item name="DIA12" rev="76">
<attrib name="value" value="1"/></item>
<item name="DIA13" rev="76">
<attrib name="value" value="1"/></item>
<item name="DIA14" rev="76">
<attrib name="value" value="1"/></item>
<item name="DIA15" rev="76">
<attrib name="value" value="1"/></item>
<item name="DIA2" rev="76">
<attrib name="value" value="1"/></item>
<item name="DIA3" rev="76">
<attrib name="value" value="1"/></item>
<item name="DIA4" rev="76">
<attrib name="value" value="1"/></item>
<item name="DIA5" rev="76">
<attrib name="value" value="1"/></item>
<item name="DIA6" rev="76">
<attrib name="value" value="1"/></item>
<item name="DIA7" rev="76">
<attrib name="value" value="1"/></item>
<item name="DIA8" rev="76">
<attrib name="value" value="1"/></item>
<item name="DIA9" rev="76">
<attrib name="value" value="1"/></item>
<item name="DIPA0" rev="76">
<attrib name="value" value="1"/></item>
<item name="DIPA1" rev="76">
<attrib name="value" value="1"/></item>
<item name="DOA0" rev="76">
<attrib name="value" value="1"/></item>
<item name="DOA1" rev="76">
<attrib name="value" value="1"/></item>
<item name="DOA10" rev="76">
<attrib name="value" value="1"/></item>
<item name="DOA11" rev="76">
<attrib name="value" value="1"/></item>
<item name="DOA12" rev="76">
<attrib name="value" value="1"/></item>
<item name="DOA13" rev="76">
<attrib name="value" value="1"/></item>
<item name="DOA14" rev="76">
<attrib name="value" value="1"/></item>
<item name="DOA15" rev="76">
<attrib name="value" value="1"/></item>
<item name="DOA2" rev="76">
<attrib name="value" value="1"/></item>
<item name="DOA3" rev="76">
<attrib name="value" value="1"/></item>
<item name="DOA4" rev="76">
<attrib name="value" value="1"/></item>
<item name="DOA5" rev="76">
<attrib name="value" value="1"/></item>
<item name="DOA6" rev="76">
<attrib name="value" value="1"/></item>
<item name="DOA7" rev="76">
<attrib name="value" value="1"/></item>
<item name="DOA8" rev="76">
<attrib name="value" value="1"/></item>
<item name="DOA9" rev="76">
<attrib name="value" value="1"/></item>
<item name="DOPA0" rev="76">
<attrib name="value" value="1"/></item>
<item name="DOPA1" rev="76">
<attrib name="value" value="1"/></item>
<item name="ENA" rev="76">
<attrib name="value" value="1"/></item>
<item name="RSTA" rev="76">
<attrib name="value" value="1"/></item>
<item name="WEA0" rev="76">
<attrib name="value" value="1"/></item>
<item name="WEA1" rev="76">
<attrib name="value" value="1"/></item>
<item name="WEA2" rev="76">
<attrib name="value" value="1"/></item>
<item name="WEA3" rev="76">
<attrib name="value" value="1"/></item>
</group>
<group name="CARRY4">
<item name="CIN" rev="76">
<attrib name="value" value="6"/></item>
<item name="CO3" rev="76">
<attrib name="value" value="7"/></item>
<item name="CYINIT" rev="76">
<attrib name="value" value="4"/></item>
<item name="DI0" rev="76">
<attrib name="value" value="9"/></item>
<item name="DI1" rev="76">
<attrib name="value" value="8"/></item>
<item name="DI2" rev="76">
<attrib name="value" value="8"/></item>
<item name="DI3" rev="76">
<attrib name="value" value="7"/></item>
<item name="O0" rev="76">
<attrib name="value" value="10"/></item>
<item name="O1" rev="76">
<attrib name="value" value="9"/></item>
<item name="O2" rev="76">
<attrib name="value" value="8"/></item>
<item name="O3" rev="76">
<attrib name="value" value="8"/></item>
<item name="S0" rev="76">
<attrib name="value" value="10"/></item>
<item name="S1" rev="76">
<attrib name="value" value="9"/></item>
<item name="S2" rev="76">
<attrib name="value" value="8"/></item>
<item name="S3" rev="76">
<attrib name="value" value="8"/></item>
</group>
<group name="LUT5">
<item name="A1" rev="76">
<attrib name="value" value="19"/></item>
<item name="A2" rev="76">
<attrib name="value" value="14"/></item>
<item name="A3" rev="76">
<attrib name="value" value="15"/></item>
<item name="A4" rev="76">
<attrib name="value" value="21"/></item>
<item name="A5" rev="76">
<attrib name="value" value="12"/></item>
<item name="O5" rev="76">
<attrib name="value" value="25"/></item>
</group>
<group name="LUT6">
<item name="A1" rev="76">
<attrib name="value" value="145"/></item>
<item name="A2" rev="76">
<attrib name="value" value="168"/></item>
<item name="A3" rev="76">
<attrib name="value" value="189"/></item>
<item name="A4" rev="76">
<attrib name="value" value="201"/></item>
<item name="A5" rev="76">
<attrib name="value" value="225"/></item>
<item name="A6" rev="76">
<attrib name="value" value="225"/></item>
<item name="O6" rev="76">
<attrib name="value" value="226"/></item>
</group>
<group name="RAMB16BWER_RAMB16BWER">
<item name="ADDRA10" rev="76">
<attrib name="value" value="1"/></item>
<item name="ADDRA11" rev="76">
<attrib name="value" value="1"/></item>
<item name="ADDRA12" rev="76">
<attrib name="value" value="1"/></item>
<item name="ADDRA13" rev="76">
<attrib name="value" value="1"/></item>
<item name="ADDRA4" rev="76">
<attrib name="value" value="1"/></item>
<item name="ADDRA5" rev="76">
<attrib name="value" value="1"/></item>
<item name="ADDRA6" rev="76">
<attrib name="value" value="1"/></item>
<item name="ADDRA7" rev="76">
<attrib name="value" value="1"/></item>
<item name="ADDRA8" rev="76">
<attrib name="value" value="1"/></item>
<item name="ADDRA9" rev="76">
<attrib name="value" value="1"/></item>
<item name="CLKA" rev="76">
<attrib name="value" value="1"/></item>
<item name="DIA0" rev="76">
<attrib name="value" value="1"/></item>
<item name="DIA1" rev="76">
<attrib name="value" value="1"/></item>
<item name="DIA10" rev="76">
<attrib name="value" value="1"/></item>
<item name="DIA11" rev="76">
<attrib name="value" value="1"/></item>
<item name="DIA12" rev="76">
<attrib name="value" value="1"/></item>
<item name="DIA13" rev="76">
<attrib name="value" value="1"/></item>
<item name="DIA14" rev="76">
<attrib name="value" value="1"/></item>
<item name="DIA15" rev="76">
<attrib name="value" value="1"/></item>
<item name="DIA2" rev="76">
<attrib name="value" value="1"/></item>
<item name="DIA3" rev="76">
<attrib name="value" value="1"/></item>
<item name="DIA4" rev="76">
<attrib name="value" value="1"/></item>
<item name="DIA5" rev="76">
<attrib name="value" value="1"/></item>
<item name="DIA6" rev="76">
<attrib name="value" value="1"/></item>
<item name="DIA7" rev="76">
<attrib name="value" value="1"/></item>
<item name="DIA8" rev="76">
<attrib name="value" value="1"/></item>
<item name="DIA9" rev="76">
<attrib name="value" value="1"/></item>
<item name="DIPA0" rev="76">
<attrib name="value" value="1"/></item>
<item name="DIPA1" rev="76">
<attrib name="value" value="1"/></item>
<item name="DOA0" rev="76">
<attrib name="value" value="1"/></item>
<item name="DOA1" rev="76">
<attrib name="value" value="1"/></item>
<item name="DOA10" rev="76">
<attrib name="value" value="1"/></item>
<item name="DOA11" rev="76">
<attrib name="value" value="1"/></item>
<item name="DOA12" rev="76">
<attrib name="value" value="1"/></item>
<item name="DOA13" rev="76">
<attrib name="value" value="1"/></item>
<item name="DOA14" rev="76">
<attrib name="value" value="1"/></item>
<item name="DOA15" rev="76">
<attrib name="value" value="1"/></item>
<item name="DOA2" rev="76">
<attrib name="value" value="1"/></item>
<item name="DOA3" rev="76">
<attrib name="value" value="1"/></item>
<item name="DOA4" rev="76">
<attrib name="value" value="1"/></item>
<item name="DOA5" rev="76">
<attrib name="value" value="1"/></item>
<item name="DOA6" rev="76">
<attrib name="value" value="1"/></item>
<item name="DOA7" rev="76">
<attrib name="value" value="1"/></item>
<item name="DOA8" rev="76">
<attrib name="value" value="1"/></item>
<item name="DOA9" rev="76">
<attrib name="value" value="1"/></item>
<item name="DOPA0" rev="76">
<attrib name="value" value="1"/></item>
<item name="DOPA1" rev="76">
<attrib name="value" value="1"/></item>
<item name="ENA" rev="76">
<attrib name="value" value="1"/></item>
<item name="RSTA" rev="76">
<attrib name="value" value="1"/></item>
<item name="WEA0" rev="76">
<attrib name="value" value="1"/></item>
<item name="WEA1" rev="76">
<attrib name="value" value="1"/></item>
<item name="WEA2" rev="76">
<attrib name="value" value="1"/></item>
<item name="WEA3" rev="76">
<attrib name="value" value="1"/></item>
</group>
<group name="SELMUX2_1">
<item name="0" rev="76">
<attrib name="value" value="39"/></item>
<item name="1" rev="76">
<attrib name="value" value="39"/></item>
<item name="OUT" rev="76">
<attrib name="value" value="39"/></item>
<item name="S0" rev="76">
<attrib name="value" value="39"/></item>
</group>
<group name="IOB_IMUX">
<item name="I" rev="76">
<attrib name="value" value="14"/></item>
<item name="OUT" rev="76">
<attrib name="value" value="14"/></item>
</group>
<group name="IOB">
<item name="I" rev="76">
<attrib name="value" value="14"/></item>
<item name="O" rev="76">
<attrib name="value" value="20"/></item>
<item name="PAD" rev="76">
<attrib name="value" value="34"/></item>
</group>
<group name="HARD0">
<item name="0" rev="76">
<attrib name="value" value="1"/></item>
</group>
<group name="HARD1">
<item name="1" rev="76">
<attrib name="value" value="1"/></item>
</group>
<group name="BUFG">
<item name="I0" rev="76">
<attrib name="value" value="1"/></item>
<item name="O" rev="76">
<attrib name="value" value="1"/></item>
</group>
</ReportPinData>
<CmdHistory>
</CmdHistory>
</DeviceUsageSummary>
